1;Мариупольское ш.;1;2;7;9;0;0;1
2;Мариупольское ш.;2;1;7;9;0;0;1
3;Мариупольское ш.;2;20;6;9;0;0;1
4;Мариупольское ш.;20;2;6;9;0;0;1
5;Трасса на Красный Десант;2;3;6;5;0;0;1
6;Трасса на Красный Десант;3;2;6;5;0;0;1
7;Ленина (Боцманово);9;4;6;6;0;0;1
8;Ленина (Боцманово);4;3;6;6;0;0;1
9;Октябрьская (Боцманово);4;5;5;6;0;0;1
10;Октябрьская (Боцманово);5;4;5;6;0;0;1
11;Транспортная (Алекс. коса);5;6;6;6;2;1;1
12;Транспортная (Алекс. коса);6;5;6;6;2;0;1
13;Транспортная (Петрушино);6;7;5;6;3;1;1
14;Транспортная (Петрушино);7;6;5;6;3;0;1
15;60к-39;6;8;6;5;0;0;1
16;60к-39;8;6;6;5;0;1;1
17;Галицкого;8;10;3;5;0;0;1
18;Галицкого;10;8;3;5;0;0;1
19;Поляковское ш.;10;11;3;6;0;1;1
20;Поляковское ш.;11;10;3;6;0;0;1
21;Галицкого;8;9;3;2;0;0;1
22;Галицкого;9;8;3;2;0;0;1
23;Чехова;9;273;1;4;0;0;1
24;Чехова;273;9;1;4;0;0;1
25;Чехова;273;13;3;4;2;0;1
26;Чехова;13;273;3;4;2;0;1
27;Чучева;273;12;3;1;0;0;1
28;Чучева;12;273;3;1;0;0;1
29;Сызранова;12;13;2;5;1;1;1
30;Сызранова;13;12;2;5;1;1;1
31;Чехова;13;35;2;5;1;1;1
32;Чехова;35;13;2;5;1;0;1
33;Чучева;12;37;2;4;0;0;1
34;Чучева;37;12;2;4;0;0;1
35;Сызранова;11;12;2;4;0;0;1
36;Сызранова;12;11;2;4;0;1;1
37;Поляковское ш.;11;38;2;5;0;1;1
38;Поляковское ш.;38;11;2;5;0;1;1
39;Пархоменко;37;38;2;6;0;1;1
40;Пархоменко;38;37;2;6;0;0;1
41;Пархоменко;36;37;2;6;1;0;1
42;Пархоменко;37;36;2;6;1;0;1
43;Пархоменко;35;36;2;6;1;0;1
44;Пархоменко;36;35;2;6;1;1;1
45;Пархоменко;34;35;2;6;0;1;1
46;Пархоменко;35;34;2;6;0;1;1
47;С.Шило;14;34;2;7;0;1;1
48;С.Шило;34;14;2;7;0;1;1
49;С.Шило;14;15;2;5;0;0;1
50;С.Шило;15;14;2;5;0;1;1
51;Сызранова;14;16;2;5;1;1;1
52;Сызранова;16;14;2;5;1;1;1
53;Пархоменко;34;33;2;5;1;1;1
54;Пархоменко;33;34;2;5;1;1;1
55;Мариупольское ш.;16;33;2;7;0;1;1
56;Мариупольское ш.;33;16;2;7;0;1;1
57;Мариупольское ш.;16;17;3;7;0;2;1
58;Мариупольское ш.;17;16;3;7;0;3;1
59;Сызранова;13;14;2;5;0;1;1
60;Сызранова;14;13;2;5;0;0;1
61;21 -я аллея;17;26;6;1;3;0;1
62;21 -я аллея;26;17;6;1;3;0;1
63;Петлякова;18;26;5;1;0;0;1
64;Петлякова;26;18;5;1;0;0;1
65;Мариупольское ш.;17;18;3;7;1;0;1
66;Мариупольское ш.;18;17;3;7;1;0;1
67;Мариупольское ш.;18;19;3;7;0;0;1
68;Мариупольское ш.;19;18;3;7;0;0;1
69;Мариупольское ш.;19;20;6;7;0;0;1
70;Мариупольское ш.;20;19;6;7;0;0;1
71;Северо-западное ш.;20;21;10;7;0;0;1
72;Северо-западное ш.;21;20;10;7;0;0;1
73;Дачное-2;73;74;5;2;2;0;1
74;Дачное-2;74;73;5;2;2;0;1
75;Северо-западное ш.;21;23;4;6;0;0;1
76;Северо-западное ш.;23;21;4;6;0;0;1
77;13 -я аллея;22;24;4;7;0;0;1
78;13 -я аллея;24;22;4;7;0;0;1
79;Николаевское ш.;23;24;3;4;0;2;1
80;Николаевское ш.;24;23;3;4;0;2;1
81;Николаевское ш.;23;25;6;6;0;0;1
82;Николаевское ш.;25;23;6;6;0;0;1
83;Северо-западное ш.;23;272;4;4;0;0;1
84;Северо-западное ш.;272;23;4;4;0;0;1
85;Николаевское ш.;24;27;4;5;0;1;1
86;Николаевское ш.;27;24;4;5;0;0;1
87;Ломоносова;31;27;3;4;0;1;1
88;Ломоносова;27;31;3;4;0;1;1
89;Ломоносова;30;31;2;4;1;1;1
90;Ломоносова;31;30;2;4;1;1;1
91;Театральная;29;30;3;9;0;1;1
92;Театральная;30;29;3;9;0;0;1
93;Ломоносова;30;32;2;4;0;0;1
94;Ломоносова;32;30;2;4;0;1;1
95;Мариупольское ш.;32;33;2;7;0;1;1
96;Мариупольское ш.;33;32;2;7;0;0;1
97;Шило;34;39;2;6;4;1;1
98;Шило;39;34;2;6;4;1;1
99;Ломоносова;32;39;2;3;0;1;1
100;Ломоносова;39;32;2;3;0;0;1
101;Чехова;35;40;2;5;1;1;1
102;Чехова;40;35;2;5;1;1;1
103;Ломоносова;39;40;2;3;0;1;1
104;Ломоносова;40;39;2;3;0;1;1
105;Плеханова;36;41;2;7;0;0;1
106;Плеханова;41;36;2;7;0;0;1
107;Ломоносова;40;41;2;6;0;0;1
108;Ломоносова;41;40;2;6;0;1;1
109;Поляковское ш.;38;42;3;5;0;1;1
110;Поляковское ш.;42;38;3;5;0;1;1
111;Транспортная;42;43;2;6;0;0;1
112;Транспортная;43;42;2;6;0;1;1
113;Энергетическая;41;43;2;6;0;0;1
114;Энергетическая;43;41;2;6;0;0;1
115;Чехова;40;44;2;5;2;1;1
116;Чехова;44;40;2;5;2;1;1
117;Шило;39;45;2;4;2;1;1
118;Шило;45;39;2;4;2;1;1
119;2-я Советская;32;46;2;4;0;1;1
120;2-я Советская;46;32;2;4;0;0;1
121;Театральная;30;47;2;6;1;1;1
122;Театральная;47;30;2;6;1;1;1
123;Комарова;28;31;2;3;1;1;1
124;Комарова;31;28;2;3;1;1;1
125;Николаевское ш.;28;27;2;5;0;3;1
126;Николаевское ш.;27;28;2;5;0;3;1
127;Транспортная;28;47;2;7;0;1;1
128;Транспортная;47;28;2;7;0;1;1
129;Транспортная;46;47;2;7;0;1;1
130;Транспортная;47;46;2;7;0;1;1
131;Транспортная;45;46;2;7;0;1;1
132;Транспортная;46;45;2;7;0;1;1
133;Транспортная;44;45;2;7;0;1;1
134;Транспортная;45;44;2;7;0;1;1
135;Транспортная;43;44;2;7;0;1;1
136;Транспортная;44;43;2;7;0;0;1
137;Свободы;43;58;2;6;0;0;1
138;Свободы;58;43;2;6;0;0;1
139;27 -й переулок;55;56;1;9;0;0;1
140;27 -й переулок;56;57;1;7;0;0;1
141;Розы Люксембург;56;70;2;4;1;0;1
142;Розы Люксембург;70;56;2;4;1;0;1
143;Энергетическая;57;72;2;5;0;0;1
144;Энергетическая;72;57;2;5;0;0;1
145;22 -й переулок;59;72;2;4;1;0;1
146;22 -й переулок;72;59;2;4;1;0;1
147;Водопроводная;59;59;2;4;1;0;1
148;Водопроводная;59;58;2;4;1;0;1
149;Свободы;58;60;2;5;0;0;1
150;Свободы;60;58;2;5;0;0;1
151;22 -й переулок;59;60;1;4;1;0;1
152;22 -й переулок;60;59;1;4;1;0;1
153;Спортивная;42;69;4;4;0;0;1
154;Спортивная;69;42;4;4;0;1;1
155;Ленинградская;61;69;2;6;0;0;1
156;Ленинградская;69;61;2;6;0;0;1
157;Свободы;60;61;2;6;0;0;1
158;Свободы;61;60;2;6;0;0;1
159;Чехова;44;55;2;6;0;0;1
160;Чехова;55;44;2;6;0;0;1
161;Химическая;27;49;4;6;0;1;1
162;Химическая;49;27;4;6;0;1;1
163;Седова;28;48;2;5;0;1;1
164;Седова;48;28;2;5;0;0;1
165;Энергетическая;43;57;1;6;0;0;1
166;Энергетическая;57;43;1;6;0;0;1
167;Кузнечная;45;53;3;9;0;0;1
168;Кузнечная;53;45;3;9;0;1;1
169;Больничная;46;52;3;7;0;1;1
170;Больничная;52;46;3;7;0;1;1
171;Большая Бульварная;48;49;3;5;4;1;1
172;Большая Бульварная;49;48;3;5;4;1;1
173;Седова;48;50;2;6;0;1;1
174;Седова;50;48;2;6;0;1;1
175;Строительная;50;222;2;6;0;1;1
176;Строительная;222;50;2;6;0;1;1
177;Котлостроительная;49;222;4;7;1;1;1
178;Котлостроительная;222;49;4;7;1;1;1
179;Котлостроительная;49;223;4;7;0;0;1
180;Котлостроительная;223;49;4;7;0;1;1
181;Восточная;50;51;4;6;0;1;1
182;Восточная;51;50;4;6;0;1;1
183;Большой Проспект;51;52;2;6;1;1;1
184;Большой Проспект;52;51;2;6;1;1;1
185;Большой Проспект;52;53;2;6;2;0;1
186;Большой Проспект;53;52;2;6;2;1;1
187;Большой Проспект;53;54;2;6;0;1;1
188;Большой Проспект;54;53;2;6;0;0;1
189;Большой Проспект;54;71;2;6;0;0;1
190;Большой Проспект;71;54;2;6;0;1;1
191;Розы Люксембург;70;71;2;5;0;0;1
192;Розы Люксембург;71;70;2;5;0;0;1
193;Чехова;54;55;2;7;0;1;1
194;Чехова;55;54;2;7;0;2;1
195;Октябрьская;51;78;3;6;0;0;1
196;Октябрьская;78;51;3;6;0;0;1
197;Александровская;52;77;3;7;1;0;1
198;Александровская;77;52;3;7;1;1;1
199;Кузнечная;53;76;3;9;0;0;1
200;Кузнечная;76;53;3;9;0;0;1
201;Чехова;54;75;3;7;1;1;1
202;Чехова;75;54;3;7;1;1;1
203;Розы Люксембург;71;74;3;3;0;0;1
204;Розы Люксембург;74;71;3;3;0;0;1
205;Энергетическая;72;73;3;3;0;0;1
206;Энергетическая;73;72;3;3;0;0;1
207;Водопроводная;59;96;5;3;1;1;1
208;Водопроводная;96;59;5;3;1;0;1
209;Свободы;61;62;2;6;0;1;1
210;Свободы;62;61;2;6;0;0;1
211;Спортивная;67;69;2;4;0;0;1
212;Спортивная;69;67;2;4;0;0;1
213;Спортивная;66;67;2;3;0;0;1
214;Спортивная;67;66;2;3;0;1;1
215;Инструментальная;66;68;3;5;0;0;1
216;Инструментальная;68;66;3;5;0;1;1
217;Красногвардейский;64;66;2;4;2;1;1
218;Инструментальная;66;65;2;5;1;0;1
219;Свободы;65;64;2;6;0;1;1
220;Колхозный;64;99;1;4;0;0;1
221;Колхозный;99;100;1;4;0;1;1
222;Колхозный;97;100;1;3;0;0;1
223;Колхозный;100;97;1;3;0;0;1
224;Красногвардейский;97;64;1;4;0;1;1
225;Водопроводная;96;97;2;5;0;0;1
226;Водопроводная;97;96;2;5;0;1;1
227;10 -й переулок;63;96;2;6;0;1;1
228;10 -й переулок;96;63;2;6;0;1;1
229;Свободы;63;64;2;6;0;1;1
230;Свободы;64;63;2;6;0;1;1
231;Свободы;62;63;2;6;0;1;1
232;Свободы;63;62;2;6;0;1;1
233;Трудовых резервов;62;67;2;4;1;0;1
234;Трудовых резервов;67;62;2;4;1;1;1
235;10 -й переулок;84;96;3;5;0;1;1
236;10 -й переулок;96;84;3;5;0;1;1
237;Энергетическая;79;84;2;4;0;1;1
238;Энергетическая;84;79;2;4;0;0;1
239;Энергетическая;73;79;3;4;2;0;1
240;Энергетическая;79;73;3;4;2;0;1
241;16 -й переулок;73;74;2;7;1;0;1
242;16 -й переулок;74;73;2;7;1;0;1
243;16 -й переулок;74;75;2;7;1;1;1
244;16 -й переулок;75;74;2;7;1;0;1
245;Розы Люксембург;74;80;3;4;0;0;1
246;Розы Люксембург;80;74;3;4;0;0;1
247;11 -й переулок;79;80;2;8;0;0;1
248;11 -й переулок;80;79;2;8;0;0;1
249;10 -й переулок;84;85;2;7;0;1;1
250;10 -й переулок;85;84;2;7;0;1;1
251;22 -й переулок;70;72;2;4;1;0;1
252;22 -й переулок;72;70;2;4;1;0;1
253;16 -й переулок;75;76;2;7;0;0;1
254;16 -й переулок;76;75;2;7;0;1;1
255;16 -й переулок;76;77;2;7;0;0;1
256;16 -й переулок;77;76;2;7;0;0;1
257;16 -й переулок;77;78;2;7;0;0;1
258;16 -й переулок;78;77;2;7;0;0;1
259;Чехова;75;81;3;6;1;0;1
260;Чехова;81;75;3;6;1;1;1
261;Кузнечная;76;82;3;9;0;0;1
262;Кузнечная;82;76;3;9;0;0;1
263;Александровская;77;83;3;7;1;0;1
264;Александровская;83;77;3;7;1;0;1
265;Октябрьская;78;89;3;8;0;1;1
266;Октябрьская;89;78;3;8;0;0;1
267;10 -й переулок;88;89;2;5;0;1;1
268;10 -й переулок;89;88;2;5;0;1;1
269;Александровская;83;88;2;6;0;1;1
270;Александровская;88;83;2;6;0;0;1
271;11 -й переулок;82;83;2;7;0;0;1
272;11 -й переулок;83;82;2;7;0;0;1
273;11 -й переулок;81;82;2;7;0;0;1
274;11 -й переулок;82;81;2;7;0;0;1
275;11 -й переулок;80;81;2;7;0;0;1
276;11 -й переулок;81;80;2;7;0;0;1
277;Чехова;81;86;2;6;0;1;1
278;Чехова;86;81;2;6;0;0;1
279;Кузнечная;82;87;2;9;0;0;1
280;Кузнечная;87;82;2;9;0;0;1
281;10 -й переулок;87;88;2;6;0;1;1
282;10 -й переулок;88;87;2;6;0;0;1
283;10 -й переулок;86;87;2;6;0;0;1
284;10 -й переулок;87;86;2;6;0;1;1
285;10 -й переулок;85;86;2;6;0;1;1
286;10 -й переулок;86;85;2;6;0;1;1
287;Энергетическая;84;90;3;6;0;0;1
288;Энергетическая;90;84;3;6;0;1;1
289;Розы Люксембург;85;91;3;7;1;0;1
290;Розы Люксембург;91;85;3;7;1;1;1
291;Чехова;86;92;3;6;2;0;1
292;Чехова;92;86;3;6;2;1;1
293;Кузнечная;87;93;3;9;0;0;1
294;Кузнечная;93;87;3;9;0;0;1
295;Александровская;88;94;3;5;3;0;1
296;Александровская;94;88;3;5;3;1;1
297;Октябрьская;89;95;3;7;0;0;1
298;Октябрьская;95;89;3;7;0;1;1
299;Котлостроительная;221;222;2;5;0;1;1
300;Котлостроительная;222;221;2;5;0;0;1
301;Марцевский треугольник;223;224;1;5;0;1;1
302;Марцевский треугольник;224;223;1;5;0;0;1
303;Ленина;224;221;5;6;1;0;1
304;Ленина;221;224;5;6;1;1;1
305;1-я Котельная;221;200;3;3;1;0;1
306;1-я Котельная;200;221;3;3;1;0;1
307;Ленина;221;199;3;5;0;1;1
308;Ленина;199;221;3;5;0;1;1
309;Автодоровский;199;200;3;2;0;0;1
310;Автодоровский;200;199;3;2;0;0;1
311;2 - й переулок;94;95;2;6;0;0;1
312;2 - й переулок;95;94;2;6;0;0;1
313;2 - й переулок;93;94;2;6;0;0;1
314;2 - й переулок;94;93;2;6;0;0;1
315;2 - й переулок;92;93;2;6;0;0;1
316;2 - й переулок;93;92;2;6;0;0;1
317;2 - й переулок;91;92;2;6;1;0;1
318;2 - й переулок;92;91;2;6;1;0;1
319;2 - й переулок;90;91;2;6;1;0;1
320;2 - й переулок;91;90;2;6;1;0;1
321;Ломакина;98;100;2;7;0;0;1
322;Ломакина;100;98;2;7;0;0;1
323;Речной;65;98;2;7;0;0;1
324;Розы Люксембург;80;85;2;6;0;1;1
325;Розы Люксембург;85;80;2;6;0;0;1
326;Октябрьская;95;108;2;7;0;1;1
327;Октябрьская;108;95;2;7;0;1;1
328;Александровская;94;107;2;6;1;1;1
329;Александровская;107;94;2;6;1;0;1
330;Кузнечная;93;106;2;9;0;0;1
331;Кузнечная;106;93;2;9;0;0;1
332;Чехова;92;105;2;6;0;1;1
333;Чехова;105;92;2;6;0;0;1
334;Розы Люксембург;91;104;2;7;1;1;1
335;Розы Люксембург;104;91;2;7;1;0;1
336;Энергетическая;90;103;2;1;0;0;1
337;Энергетическая;103;90;2;1;0;0;1
338;Ломакина;101;98;3;7;0;0;1
339;Ломакина;98;101;3;7;0;1;1
340;Смирновский;101;102;3;5;0;0;1
341;Смирновский;102;101;3;5;0;1;1
342;Смирновский;102;103;2;5;1;0;1
343;Смирновский;103;102;2;5;1;0;1
344;Смирновский;103;104;2;3;1;1;1
345;Смирновский;104;103;2;3;1;0;1
346;Смирновский;104;105;2;3;0;1;1
347;Смирновский;105;104;2;3;0;1;1
348;Смирновский;105;106;2;3;0;0;1
349;Смирновский;106;105;2;3;0;1;1
350;Смирновский;106;107;2;3;0;1;1
351;Смирновский;107;106;2;3;0;0;1
352;Смирновский;107;108;2;5;0;1;1
353;Смирновский;108;107;2;5;0;1;1
354;Дзержинского;108;198;2;3;0;1;1
355;Дзержинского;198;108;2;3;0;1;1
356;Фрунзе;116;108;2;6;0;1;1
357;Октябрьская;108;115;2;7;0;1;1
358;Александровская;107;114;2;7;0;1;1
359;Александровская;114;107;2;7;0;1;1
360;Кузнечная;106;113;2;3;0;0;1
361;Кузнечная;113;106;2;3;0;0;1
362;Чехова;105;112;2;5;0;1;1
363;Чехова;112;105;2;5;0;1;1
364;Розы Люксембург;104;111;2;7;0;1;1
365;Розы Люксембург;111;104;2;7;0;1;1
366;Карла Либкнехта;102;110;2;8;0;0;1
367;Карла Либкнехта;110;102;2;8;0;0;1
368;Ломакина;101;109;2;7;0;0;1
369;Ломакина;109;101;2;7;0;1;1
370;Гоголевский;109;110;3;8;0;1;1
371;Гоголевский;110;109;3;8;0;0;1
372;Гоголевский;110;111;3;8;0;1;1
373;Гоголевский;111;110;3;8;0;1;1
374;Гоголевский;111;112;2;8;0;1;1
375;Гоголевский;112;111;2;8;0;1;1
376;Гоголевский;112;113;2;8;0;0;1
377;Гоголевский;113;112;2;8;0;1;1
378;Гоголевский;113;114;2;8;0;1;1
379;Гоголевский;114;113;2;8;0;0;1
380;Александровская;114;122;2;7;0;0;1
381;Александровская;122;114;2;7;0;1;1
382;Чехова;112;121;2;6;0;0;1
383;Чехова;121;112;2;6;0;1;1
384;Розы Люксембург;111;120;2;7;0;0;1
385;Розы Люксембург;120;111;2;7;0;1;1
386;Карла Либкнехта;110;119;2;7;0;0;1
387;Карла Либкнехта;119;110;2;7;0;1;1
388;Ломакина;109;118;2;7;0;0;1
389;Ломакина;118;109;2;7;0;0;1
390;Комсомольский;118;119;3;6;0;0;1
391;Комсомольский;119;118;3;6;0;0;1
392;Комсомольский;119;120;3;6;0;0;1
393;Комсомольский;120;119;3;6;0;0;1
394;Комсомольский;120;121;2;6;0;0;1
395;Комсомольский;121;120;2;6;0;0;1
396;Комсомольский;121;122;2;5;0;0;1
397;Комсомольский;122;121;2;5;0;0;1
398;Октябрьская;115;191;2;7;0;0;1
399;Спартаковский;191;190;2;6;0;0;1
400;Спартаковский;190;191;2;6;0;0;1
401;Гоголевский;114;115;2;7;0;1;1
402;Гоголевский;115;114;2;7;0;1;1
403;Гоголевский;115;116;2;7;0;1;1
404;Гоголевский;116;115;2;7;0;1;1
405;Фрунзе;116;190;2;7;0;0;1
406;Фрунзе;190;116;2;7;0;1;1
407;Петровская;198;117;2;6;2;1;1
408;Петровская;117;198;2;6;2;1;1
409;Гоголевский;116;117;2;7;0;1;1
410;Гоголевский;117;116;2;7;0;1;1
411;Петровская;117;189;2;7;0;1;1
412;Петровская;189;117;2;7;0;1;1
413;Большой Садовый;117;136;4;4;0;0;1
414;Большой Садовый;136;117;4;4;0;1;1
415;Малый Садовый;136;187;3;4;0;0;1
416;Малый Садовый;187;136;3;4;0;0;1
417;Малый Садовый;187;188;1;7;0;0;1
418;Спартаковский;190;189;1;6;0;1;1
419;Петровская;188;189;2;7;0;1;1
420;Петровская;189;188;2;7;0;0;1
421;Октябрьская;184;191;2;6;0;0;1
422;Октябрьская;191;184;2;6;0;0;1
423;Фрунзе;183;190;2;7;0;0;1
424;Фрунзе;190;183;2;7;0;1;1
425;Петровская;188;182;2;7;0;0;1
426;Греческая;186;187;2;6;0;0;1
427;2-й лодочный;136;193;2;5;0;1;1
428;2-й лодочный;193;136;2;5;0;0;1
429;Мечниковский;182;183;1;4;0;1;1
430;Мечниковский;183;184;2;4;0;0;1
431;Мечниковский;184;183;2;4;0;1;1
432;Мечниковский;184;185;2;4;0;0;1
433;Мечниковский;185;184;2;4;0;0;1
434;Александровская;122;185;2;6;2;1;1
435;Александровская;185;122;2;6;2;1;1
436;Александровская;185;128;2;6;0;1;1
437;Александровская;128;185;2;6;0;0;1
438;Глушко;128;129;1;3;0;0;1
439;Фрунзе;129;183;2;7;0;1;1
440;Фрунзе;183;129;2;7;0;0;1
441;Глушко;129;130;1;3;0;0;1
442;Петровская;182;130;2;7;0;0;1
443;Глушко;130;131;2;3;0;0;1
444;Греческая;131;186;2;5;1;0;1
445;Биржевой спуск;186;192;3;5;2;0;1
446;Биржевой спуск;192;186;3;5;2;0;1
447;Крюйса;192;193;3;6;0;1;1
448;Крюйса;193;192;3;6;0;0;1
449;Крюйса;193;194;5;5;2;0;1
450;Крюйса;194;193;5;5;2;0;1
451;Социалистическая;117;195;3;7;2;0;1
452;Социалистическая;195;117;3;7;2;1;1
453;Дзержинского;197;198;3;4;6;1;1
454;Дзержинского;198;197;3;4;6;1;1
455;Портовая;181;192;4;6;0;0;1
456;Портовая;192;181;4;6;0;0;1
457;Комсомольский спуск;181;180;2;5;0;0;1
458;Комсомольский спуск;180;181;2;5;0;0;1
459;Греческая;180;172;1;7;1;0;1
460;Греческая;172;164;2;7;0;0;1
461;Греческая;164;155;2;7;1;0;1
462;Греческая;155;137;2;7;0;0;1
463;Греческая;137;136;2;7;1;0;1
464;Греческая;136;131;2;7;0;0;1
465;Петровская;130;135;2;7;1;0;1
466;Петровская;135;138;2;7;1;0;1
467;Петровская;138;154;2;7;0;0;1
468;Петровская;154;163;2;7;1;0;1
469;Петровская;163;171;2;7;1;0;1
470;Петровская;171;176;2;7;1;0;1
471;Петровская;176;179;1;7;0;0;1
472;Греческая;179;180;2;7;0;0;1
473;Некрасовский;172;171;1;5;0;0;1
474;Украинский;164;163;1;5;0;0;1
475;Тургеневский;154;155;1;5;0;0;1
476;Итальянский;137;138;1;5;0;0;1
477;Лермонтовский;135;136;1;7;1;0;1
478;Лермонтовский;133;134;1;7;0;0;1
479;Лермонтовский;134;135;1;7;0;0;1
480;Итальянский;138;139;1;5;0;0;1
481;Тургеневский;153;154;1;6;0;0;1
482;Украинский;163;162;1;5;0;0;1
483;Украинский;162;161;1;5;0;0;1
484;Александровская;170;161;2;7;0;0;1
485;Украинский;161;160;2;6;0;0;1
486;Александровская;152;161;2;7;0;0;1
487;Тургеневский;152;153;1;6;0;0;1
488;1-й Крепостной;176;175;2;6;0;0;1
489;Некрасовский;170;171;2;5;0;0;1
490;Некрасовский;171;170;2;5;0;0;1
491;Греческая;178;179;2;7;0;0;1
492;Греческая;179;178;2;7;0;0;1
493;Шевченко;177;178;1;5;0;0;1
494;Шевченко;178;177;1;5;0;0;1
495;Полуротный;177;174;1;4;0;0;1
496;1-й Крепостной;175;174;1;1;2;0;1
497;1-й Крепостной;174;173;1;5;0;0;1
498;Шевченко;173;177;1;6;0;0;1
499;Шевченко;165;170;2;6;0;0;1
500;Шевченко;170;165;2;6;0;0;1
501;Некрасовский;165;166;1;6;0;0;1
502;Некрасовский;166;165;1;6;0;0;1
503;Некрасовский;166;167;2;6;1;0;1
504;Некрасовский;167;166;2;6;1;0;1
505;Некрасовский;167;168;2;6;0;0;1
506;Некрасовский;168;167;2;6;0;0;1
507;Некрасовский;168;169;1;6;0;1;1
508;Некрасовский;169;168;1;6;0;0;1
509;Чехова;169;175;2;5;0;0;1
510;Чехова;175;169;2;5;0;1;1
511;Некрасовский;169;170;2;5;0;0;1
512;Некрасовский;170;169;2;5;0;1;1
513;Чехова;160;169;1;6;0;1;1
514;Чехова;169;160;1;6;0;0;1
515;Розы Люксембург;159;168;1;5;0;0;1
516;Розы Люксембург;168;159;1;5;0;0;1
517;Карла Либкнехта;158;167;2;7;0;0;1
518;Карла Либкнехта;167;158;2;7;0;0;1
519;Энгельса;157;166;2;5;0;0;1
520;Энгельса;166;157;2;5;0;0;1
521;Шевченко;156;165;2;7;0;0;1
522;Шевченко;165;156;2;7;0;0;1
523;Украинский;156;157;1;5;0;0;1
524;Украинский;157;156;1;5;0;0;1
525;Украинский;157;158;2;5;0;0;1
526;Украинский;158;157;2;5;0;0;1
527;Украинский;158;159;2;5;0;0;1
528;Украинский;159;158;2;5;0;0;1
529;Украинский;159;160;1;5;0;0;1
530;Украинский;160;159;1;5;0;0;1
531;Чехова;151;160;1;5;1;0;1
532;Чехова;160;151;1;5;1;0;1
533;Тургеневский;151;152;2;6;0;0;1
534;Тургеневский;152;151;2;6;0;0;1
535;Тургеневский;150;151;1;6;0;0;1
536;Тургеневский;151;150;1;6;0;0;1
537;Тургеневский;149;150;2;6;0;0;1
538;Тургеневский;150;149;2;6;0;0;1
539;Тургеневский;148;149;2;6;0;0;1
540;Тургеневский;149;148;2;6;0;0;1
541;Тургеневский;147;148;1;6;0;0;1
542;Тургеневский;148;147;1;6;0;0;1
543;Шевченко;147;156;2;7;0;0;1
544;Шевченко;156;147;2;7;0;0;1
545;Энгельса;148;157;2;7;0;0;1
546;Энгельса;157;148;2;7;0;0;1
547;Карла Либкнехта;149;158;2;7;0;0;1
548;Карла Либкнехта;158;149;2;7;0;0;1
549;Розы Люксембург;150;159;1;7;0;0;1
550;Розы Люксембург;159;150;1;7;0;0;1
551;Шевченко;145;147;2;7;0;0;1
552;Шевченко;147;145;2;7;0;0;1
553;Итальянский;145;146;2;6;0;0;1
554;Итальянский;146;145;2;6;0;0;1
555;Итальянский;144;145;1;5;0;0;1
556;Итальянский;145;144;1;5;0;0;1
557;Энгельса;144;148;2;7;0;0;1
558;Энгельса;148;144;2;7;0;0;1
559;Карла Либкнехта;143;149;2;7;0;0;1
560;Карла Либкнехта;149;143;2;7;0;0;1
561;Розы Люксембург;142;150;1;7;0;0;1
562;Розы Люксембург;150;142;1;7;0;0;1
563;Чехова;141;151;2;5;0;0;1
564;Чехова;151;141;2;5;0;0;1
565;Александровская;140;152;2;6;1;0;1
566;Александровская;152;140;2;6;1;1;1
567;Фрунзе;139;153;2;7;0;0;1
568;Фрунзе;153;139;2;7;0;0;1
569;Итальянский;139;140;2;6;0;1;1
570;Итальянский;140;139;2;6;0;0;1
571;Итальянский;140;141;2;6;0;1;1
572;Итальянский;141;140;2;6;0;1;1
573;Итальянский;141;142;1;6;0;0;1
574;Итальянский;142;141;1;6;0;1;1
575;Итальянский;142;143;2;6;0;0;1
576;Итальянский;143;142;2;6;0;0;1
577;Итальянский;143;144;2;6;0;0;1
578;Итальянский;144;143;2;6;0;0;1
579;Шевченко;145;123;3;7;0;0;1
580;Шевченко;123;145;3;7;0;0;1
581;Энгельса;124;144;3;7;0;0;1
582;Энгельса;144;124;3;7;0;0;1
583;Карла Либкнехта;125;143;3;7;0;0;1
584;Карла Либкнехта;143;125;3;7;0;0;1
585;Розы Люксембург;126;142;3;7;0;0;1
586;Розы Люксембург;142;126;3;7;0;1;1
587;Чехова;132;141;2;5;1;0;1
588;Чехова;141;132;2;5;1;0;1
589;Лермонтовский;132;133;2;6;0;0;1
590;Лермонтовский;133;132;2;6;0;0;1
591;Чехова;127;132;2;5;0;0;1
592;Чехова;132;127;2;5;0;1;1
593;Глушко;127;128;2;3;0;1;1
594;Глушко;128;127;2;3;0;1;1
595;Глушко;126;127;2;6;0;1;1
596;Глушко;127;126;2;6;0;1;1
597;Глушко;125;126;2;6;0;1;1
598;Глушко;126;125;2;6;0;0;1
599;Глушко;124;125;2;6;0;0;1
600;Глушко;125;124;2;6;0;0;1
601;Глушко;123;124;1;6;0;0;1
602;Глушко;124;123;1;6;0;0;1
603;Ломакина;118;123;3;7;1;0;1
604;Ломакина;123;118;3;7;1;0;1
605;Карла Либкнехта;119;125;3;6;0;0;1
606;Карла Либкнехта;125;119;3;6;0;0;1
607;Розы Люксембург;120;126;3;7;0;1;1
608;Розы Люксембург;126;120;3;7;0;0;1
609;Чехова;121;127;3;5;0;1;1
610;Чехова;127;121;3;5;1;0;1
611;Морозова;245;256;1;6;0;0;1
612;Александровская;128;133;2;5;0;0;1
613;Александровская;133;128;2;5;0;1;1
614;Александровская;133;140;2;5;0;1;1
615;Александровская;140;133;2;5;0;0;1
616;Фрунзе;129;134;2;7;0;0;1
617;Фрунзе;134;129;2;7;0;0;1
618;Фрунзе;134;139;2;7;0;0;1
619;Фрунзе;139;134;2;7;0;0;1
620;Фрунзе;153;162;2;7;0;0;1
621;Фрунзе;162;153;2;7;0;0;1
622;Чехова;175;178;2;5;0;0;1
623;Чехова;178;175;2;5;0;0;1
624;Парковый;195;196;2;6;0;0;1
625;Парковый;196;195;2;6;0;0;1
626;Парковый;196;197;2;5;0;0;1
627;Парковый;197;196;2;5;0;0;1
628;Дзержинского;197;201;2;6;1;0;1
629;Дзержинского;201;197;2;6;1;1;1
630;Ленина;198;199;3;6;0;0;1
631;Ленина;199;198;3;6;0;1;1
632;Выгонная;200;201;4;3;7;0;1
633;Выгонная;201;200;4;3;7;0;1
634;Дзержинского;201;202;2;5;1;0;1
635;Дзержинского;202;201;2;5;1;0;1
636;Заводская;196;202;2;7;0;0;1
637;Заводская;202;196;2;7;0;0;1
638;Социалистическая;194;195;3;6;0;0;1
639;Социалистическая;195;194;3;6;0;0;1
640;Дзержинского;202;203;2;5;0;1;1
641;Дзержинского;203;202;2;5;0;0;1
642;Морозова;203;205;2;7;0;1;1
643;Морозова;205;203;2;7;0;1;1
644;14-й Артиллерийский;203;206;3;5;1;0;1
645;14-й Артиллерийский;206;203;3;5;1;1;1
646;Дзержинского;203;204;2;5;1;1;1
647;Дзержинского;204;203;2;5;1;1;1
648;П.Тольятти;204;205;2;4;0;1;1
649;П.Тольятти;205;204;2;4;0;1;1
650;П.Тольятти;204;206;3;5;2;0;1
651;П.Тольятти;206;204;3;5;2;1;1
652;Н. Кукольника;206;207;4;5;0;1;1
653;Н. Кукольника;207;206;4;5;0;0;1
654;Дзержинского;204;212;3;5;0;0;1
655;Дзержинского;212;204;3;5;0;1;1
656;Морозова;205;214;3;6;1;0;1
657;Морозова;214;205;3;6;0;1;1
658;Морозова;214;215;3;6;0;2;1
659;Морозова;215;214;3;6;1;2;1
660;Социалистическая;194;255;6;7;1;1;1
661;Социалистическая;255;194;6;7;1;0;1
662;Бабушкина;255;254;2;4;0;0;1
663;Бабушкина;254;255;2;4;0;1;1
664;Щаденко;254;253;2;4;0;1;1
665;Щаденко;253;254;2;4;0;0;1
666;Щаденко;253;252;2;4;0;0;1
667;Щаденко;252;253;2;4;0;1;1
668;Щаденко;252;215;2;4;0;1;1
669;Щаденко;215;252;2;4;0;0;1
670;Щаденко;208;215;2;5;0;2;1
671;Щаденко;215;208;2;5;0;1;1
672;Морозова;215;245;2;6;0;0;1
673;Морозова;245;215;2;6;0;0;1
674;Станочный;252;256;2;3;0;0;1
675;Станочный;256;252;2;3;0;0;1
676;Центральный;253;257;2;8;0;0;1
677;Центральный;257;253;2;8;0;1;1
678;Конвейерный;254;258;2;2;0;0;1
679;Конвейерный;258;254;2;2;0;0;1
680;Урицкого;256;256;2;6;0;0;1
681;Урицкого;257;258;2;6;0;0;1
682;Урицкого;258;257;2;6;0;0;1
683;Михайловская;255;259;5;7;3;0;1
684;Михайловская;259;255;5;7;3;0;1
685;Н.Сигиды;259;260;5;3;2;0;1
686;Н.Сигиды;260;259;5;3;2;0;1
687;Михайловская;259;261;2;7;1;0;1
688;Михайловская;261;259;2;7;1;0;1
689;Бакинская;244;245;2;5;0;0;1
690;Бакинская;245;244;2;5;0;1;1
691;Москатова;207;208;2;7;2;1;1
692;Москатова;208;207;2;7;2;2;1
693;Воскова;209;218;2;5;0;0;1
694;Воскова;218;209;2;5;0;1;1
695;И.Голубца;210;219;2;5;0;0;1
696;И.Голубца;219;210;2;5;0;0;1
697;Черняховского;211;220;2;5;0;0;1
698;Черняховского;220;211;2;5;0;0;1
699;Зои Космодемьянской;215;216;3;3;1;0;1
700;Зои Космодемьянской;216;215;3;3;1;1;1
701;И.Голубца;210;216;2;5;0;0;1
702;И.Голубца;216;210;2;5;0;0;1
703;Черняховского;211;217;2;5;0;0;1
704;Черняховского;217;211;2;5;0;0;1
705;Толбухина;212;213;2;6;0;0;1
706;Толбухина;213;212;2;6;0;0;1
707;Толбухина;213;214;2;6;0;0;1
708;Толбухина;214;213;2;6;0;0;1
709;Дзержинского;211;212;2;5;1;0;1
710;Дзержинского;212;211;2;5;1;0;1
711;Дзержинского;210;211;2;5;0;0;1
712;Дзержинского;211;210;2;5;0;0;1
713;Дзержинского;209;210;2;5;1;0;1
714;Дзержинского;210;209;2;5;1;1;1
715;Дзержинского;208;209;2;5;0;1;1
716;Дзержинского;209;208;2;5;0;0;1
717;С. Лазо;218;219;2;6;0;0;1
718;С. Лазо;219;218;2;6;0;0;1
719;С. Лазо;219;220;2;6;0;0;1
720;С. Лазо;220;219;2;6;0;0;1
721;Зои Космодемьянской;213;217;2;5;0;0;1
722;Зои Космодемьянской;217;213;2;5;0;0;1
723;Зои Космодемьянской;216;217;2;3;0;0;1
724;Зои Космодемьянской;217;216;2;3;0;0;1
725;Москатова;207;224;5;9;0;1;1
726;Москатова;224;207;5;9;0;1;1
727;Марцевский треугольник;223;225;3;6;0;1;1
728;Марцевский треугольник;255;223;3;6;0;1;1
729;Лизы Чайкиной;225;234;4;6;0;1;1
730;Лизы Чайкиной;234;237;3;6;0;1;1
731;Лизы Чайкиной;237;244;3;6;0;1;1
732;Лизы Чайкиной;244;246;2;6;0;0;1
733;Лизы Чайкиной;246;244;2;6;0;1;1
734;1-я Линия ;243;247;2;6;0;0;1
735;1-я Линия ;247;243;2;6;0;0;1
736;1-й Новый ;246;247;2;6;0;0;1
737;1-й Новый ;247;246;2;6;0;0;1
738;Бакинская;243;244;2;4;0;1;1
739;Бакинская;244;243;2;4;0;0;1
740;Бакинская;242;243;2;5;1;0;1
741;Бакинская;243;242;2;5;1;0;1
742;1-й Новый ;247;248;2;5;0;1;1
743;1-й Новый;248;247;2;5;0;0;1
744;Маршала Жукова;248;242;2;7;0;0;1
745;Маршала Жукова;242;236;3;7;0;1;1
746;Маршала Жукова;236;233;3;7;0;1;1
747;Маршала Жукова;233;226;4;7;0;0;1
748;16-й Новый;226;227;4;5;0;0;1
749;16-й Новый;227;226;4;5;0;0;1
750;16-й Новый;225;226;3;6;0;0;1
751;16-й Новый;226;225;3;6;0;0;1
752;16-й Новый;226;228;3;6;0;0;1
753;16-й Новый;228;226;3;6;0;0;1
754;4-я Линия;228;232;4;6;2;1;1
755;4-я Линия;232;228;4;6;2;0;1
756;4-я Линия;232;235;3;6;1;1;1
757;4-я Линия;235;232;3;6;1;1;1
758;4-я Линия;235;241;3;6;1;0;1
759;4-я Линия;241;235;3;6;1;1;1
760;10-й Новый;232;233;3;4;2;1;1
761;10-й Новый;233;232;3;4;2;1;1
762;10-й Новый;233;234;3;4;0;1;1
763;10-й Новый;234;233;3;4;0;1;1
764;7-й Новый;236;237;3;6;0;1;1
765;7-й Новый;237;236;3;6;0;1;1
766;7-й Новый;235;236;3;6;0;1;1
767;7-й Новый;236;235;3;6;0;1;1
768;Бакинская;241;242;3;5;1;0;1
769;Бакинская;242;241;3;5;1;0;1
770;1-й Новый;248;249;3;5;2;0;1
771;1-й Новый;249;248;3;5;2;1;1
772;4-я Линия;241;249;3;5;0;0;1
773;4-я Линия;249;241;3;5;0;0;1
774;1-й Новый ;249;250;3;5;0;0;1
775;1-й Новый;250;249;3;5;0;0;1
776;7-й Новый;235;238;3;6;2;0;1
777;7-й Новый;238;235;3;6;2;1;1
778;10-й Новый;231;232;3;5;0;1;1
779;10-й Новый;232;231;3;5;0;0;1
780;16-й Новый;228;229;3;5;1;0;1
781;16-й Новый;229;228;3;5;1;0;1
782;16-й Новый;229;230;3;5;0;0;1
783;16-й Новый;230;229;3;5;0;0;1
784;Дачная;229;231;4;2;0;0;1
785;Дачная;231;229;4;2;0;0;1
786;Дачная;231;238;3;2;0;0;1
787;Дачная;238;231;3;2;0;0;1
788;7-й Новый;238;239;3;6;0;0;1
789;7-й Новый;239;238;3;6;0;0;1
790;7-й Новый;239;240;3;4;0;0;1
791;7-й Новый;240;239;3;4;0;0;1
792;Новороссия;240;272;6;5;0;0;1
793;Новороссия;272;240;6;5;0;0;1
794;60к-232;271;272;6;7;0;0;1
795;60к-232;272;271;6;7;0;0;1
796;Новороссия;240;269;5;6;0;0;1
797;Новороссия;269;240;5;6;0;0;1
798;Маршала Жукова;248;251;2;7;0;0;1
799;Маршала Жукова;251;248;2;7;0;1;1
800;Маршала Жукова;247;251;2;6;0;0;1
801;Маршала Жукова;251;247;2;6;0;0;1
802;Ростовское ш.;251;270;4;8;0;1;1
803;Ростовское ш.;270;251;4;8;0;0;1
804;Маргелова;270;262;3;7;0;0;1
805;Маргелова;262;270;3;7;0;1;1
806;Маргелова;262;261;2;7;0;0;1
807;Маргелова;261;262;2;7;0;0;1
808;Победы;262;263;2;5;0;0;1
809;Победы;263;262;2;5;0;0;1
810;Мирная ;261;264;7;1;2;0;1
811;Мирная ;264;261;7;1;2;0;1
812;Таганрогская;264;265;6;5;0;0;1
813;Таганрогская;265;264;6;5;0;0;1
814;е58-2;265;268;5;8;0;0;1
815;е58-2;268;265;5;8;0;0;1
816;Новороссия;268;269;6;8;0;0;1
817;Новороссия;269;268;6;8;0;0;1
818;Урожайный;265;266;6;6;2;0;1
819;Урожайный;266;265;6;6;2;0;1
820;Новороссия;268;267;6;7;0;0;1
821;Новороссия;267;268;6;7;0;0;1
822;Ростовское ш.;269;270;3;7;0;1;1
823;Ростовское ш.;270;269;3;7;0;0;1
